layer,neuron,value
9,3,3.5124316
16,3,1.9730664
17,3,1.4392432
18,3,3.8121095
18,19,2.196133
19,3,2.8764453
19,4,1.3388965
20,3,1.549961
21,3,1.7029297
34,25,2.4261718
35,25,1.7045898
35,30,1.3615234
38,25,1.470459
38,30,2.5233202
39,25,8.313594
39,30,4.117656
