layer,neuron,value
15,11,0.23791015
17,12,0.32535157
17,25,0.34720704
17,30,0.25718263
19,11,0.38970703
19,37,0.25586915
20,1,0.26333007
20,4,0.2353711
20,29,0.32302734
20,34,0.32135743
21,24,0.23875
22,5,0.36079103
22,7,0.25819337
24,10,0.22970703
24,18,0.23458984
25,12,0.30289063
