layer,neuron,value
32,25,0.2259375
34,16,0.23957032
45,2,0.22970703
45,3,0.2259375
45,6,0.23742187
45,8,0.23796874
45,18,0.22855468
45,19,0.21523437
45,22,0.24054688
45,26,0.24425781
45,27,0.23003906
47,5,0.21523437
47,8,0.21556641
47,20,0.22
47,26,0.26107422
