layer,neuron,value
8,3,1.2749084
9,3,2.1360939
9,26,1.4554443
13,3,1.269569
15,1,1.1624609
15,9,1.1384277
15,12,1.255243
16,3,1.1737219
17,3,2.0246398
21,3,1.5384449
22,26,1.2417773
27,26,1.1560742
28,19,1.1492333
28,26,1.1804755
34,25,1.7992773
39,30,1.3719922
