layer,neuron,value
9,21,1.2045703
14,19,1.2135401
15,3,1.8358984
15,9,1.702041
15,11,1.8443408
15,12,2.389961
15,21,1.253462
15,25,1.4381835
19,23,1.3426977
29,8,1.1764454
31,23,1.0884863
34,16,1.8670996
35,16,1.351914
42,16,1.6789062
43,16,1.382605
