layer,neuron,value
27,16,0.6022022
28,3,0.6138281
28,8,0.84212893
28,9,0.7411279
28,22,0.5783887
28,25,0.85069823
28,29,0.686709
29,4,0.57124144
29,8,0.72387207
29,9,1.0793164
29,19,0.8169629
29,21,0.6784839
29,22,0.6585803
30,2,0.6162842
30,25,0.7504297
