layer,neuron,value
16,15,1.296178
16,16,1.261709
26,15,1.0803906
26,20,1.1699853
26,23,1.169414
28,20,1.0966175
34,16,3.5845313
35,16,1.9521093
38,16,2.0336719
39,16,1.2507813
42,16,2.8714063
43,16,3.593125
44,16,1.5483594
45,16,1.2072363
47,30,1.2192187
