layer,neuron,value
17,0,0.024844665
17,4,0.04410751
17,23,0.024734497
17,25,0.03008947
19,4,0.051932372
19,11,0.028822212
20,4,0.06420341
20,6,0.025052758
20,21,0.025009898
20,28,0.02519905
20,39,0.026657715
21,18,0.026271649
21,19,0.02718459
21,29,0.027346648
21,32,0.031993486
23,4,0.025041198
