layer,neuron,value
9,17,1.8703564
9,19,1.6314844
11,17,1.3348718
12,17,1.4576954
13,17,1.25643
15,29,1.5325
17,16,1.6450976
18,11,1.7069275
18,29,1.3323348
19,7,1.5915478
19,11,1.6502343
19,16,1.8132764
19,21,1.6755078
19,22,1.256521
28,3,1.318418
39,17,2.0976856
